z_entry,adx_max,sl_atr,tp_r,session_start,session_end,require_turn,be_r,label,window,trades,wins,losses,final_balance,net_pnl,return_pct,profit_factor,max_realized_dd,fees
2.2,18.0,2.5,2.0,7,17,True,,Z2.2|ADX≤18|SL2.5ATR|TP2R|07-17|turn|off,Development,15,3,12,86.7418,-13.2582,-13.2582,0.26855630384693147,16.5351,4.0989
2.4,18.0,2.5,2.0,7,17,True,,Z2.4|ADX≤18|SL2.5ATR|TP2R|07-17|turn|off,Development,4,1,3,96.3408,-3.6592,-3.6592,0.3099054978372853,5.3024,1.0241
2.6,18.0,2.5,2.0,7,17,True,,Z2.6|ADX≤18|SL2.5ATR|TP2R|07-17|turn|off,Development,1,1,0,101.7347,1.7347,1.7347,,0.0,0.2593
2.8,18.0,2.5,2.0,7,17,True,,Z2.8|ADX≤18|SL2.5ATR|TP2R|07-17|turn|off,Development,1,1,0,101.7347,1.7347,1.7347,,0.0,0.2593
2.2,14.0,2.5,2.0,7,17,True,,Z2.2|ADX≤14|SL2.5ATR|TP2R|07-17|turn|off,Development,3,0,3,94.7949,-5.2051,-5.2051,0.0,5.2051,0.8927
2.4,14.0,2.5,2.0,7,17,True,,Z2.4|ADX≤14|SL2.5ATR|TP2R|07-17|turn|off,Development,0,0,0,100.0,0.0,0.0,,0.0,0.0
2.6,14.0,2.5,2.0,7,17,True,,Z2.6|ADX≤14|SL2.5ATR|TP2R|07-17|turn|off,Development,0,0,0,100.0,0.0,0.0,,0.0,0.0
2.2,20.0,2.5,2.0,7,17,True,,Z2.2|ADX≤20|SL2.5ATR|TP2R|07-17|turn|off,Development,30,6,24,75.6098,-24.3902,-24.3902,0.2630990461730507,26.0878,7.6513
2.4,20.0,2.5,2.0,7,17,True,,Z2.4|ADX≤20|SL2.5ATR|TP2R|07-17|turn|off,Development,10,3,7,94.2,-5.8,-5.8,0.44870132746584157,7.6249,2.8326
2.4,20.0,2.5,2.0,7,17,True,,Z2.4|ADX≤20|SL2.5ATR|TP2R|07-17|turn|off,Development,10,3,7,94.2,-5.8,-5.8,0.44870132746584157,7.6249,2.8326
2.4,20.0,2.5,2.0,7,12,True,,Z2.4|ADX≤20|SL2.5ATR|TP2R|07-12|turn|off,Development,2,0,2,96.8181,-3.1819,-3.1819,0.0,3.1819,0.5068
2.4,20.0,2.5,2.0,12,17,True,,Z2.4|ADX≤20|SL2.5ATR|TP2R|12-17|turn|off,Development,8,3,5,97.294,-2.706,-2.706,0.6430500694386924,6.2621,2.4024
2.4,20.0,2.5,2.0,12,16,True,,Z2.4|ADX≤20|SL2.5ATR|TP2R|12-16|turn|off,Development,7,2,5,95.6943,-4.3057,-4.3057,0.4224844962497783,6.1584,2.0465
2.4,20.0,2.5,2.0,13,17,True,,Z2.4|ADX≤20|SL2.5ATR|TP2R|13-17|turn|off,Development,8,3,5,97.294,-2.706,-2.706,0.6430500694386924,6.2621,2.4024
2.4,20.0,2.5,2.0,8,16,True,,Z2.4|ADX≤20|SL2.5ATR|TP2R|08-16|turn|off,Development,8,2,6,94.3884,-5.6116,-5.6116,0.3563926227474517,7.4391,2.3257
2.4,20.0,2.0,1.5,12,17,True,,Z2.4|ADX≤20|SL2ATR|TP1.5R|12-17|turn|off,Development,3,3,0,103.5472,3.5472,3.5472,,0.0,0.9855
2.4,20.0,2.0,2.0,12,17,True,,Z2.4|ADX≤20|SL2ATR|TP2R|12-17|turn|off,Development,3,2,1,101.6288,1.6288,1.6288,1.9553813527975439,1.7049,0.9681
2.4,20.0,2.5,1.0,12,17,True,,Z2.4|ADX≤20|SL2.5ATR|TP1R|12-17|turn|off,Development,1,1,0,100.7556,0.7556,0.7556,,0.0,0.24
2.4,20.0,2.5,1.5,12,17,True,,Z2.4|ADX≤20|SL2.5ATR|TP1.5R|12-17|turn|off,Development,6,3,3,98.6892,-1.3108,-1.3108,0.7331632866760074,3.6869,1.7109
2.4,20.0,2.5,2.0,12,17,True,,Z2.4|ADX≤20|SL2.5ATR|TP2R|12-17|turn|off,Development,8,3,5,97.294,-2.706,-2.706,0.6430500694386924,6.2621,2.4024
2.4,20.0,3.0,1.0,12,17,True,,Z2.4|ADX≤20|SL3ATR|TP1R|12-17|turn|off,Development,3,3,0,102.3546,2.3546,2.3546,,0.0,0.6548
2.4,20.0,3.0,1.5,12,17,True,,Z2.4|ADX≤20|SL3ATR|TP1.5R|12-17|turn|off,Development,11,5,6,95.8682,-4.1318,-4.1318,0.5937793930243261,6.5687,2.9121
2.4,20.0,3.0,2.0,12,17,True,,Z2.4|ADX≤20|SL3ATR|TP2R|12-17|turn|off,Development,11,4,7,95.0048,-4.9952,-4.9952,0.5722945668410779,8.3822,2.8996
2.4,20.0,2.5,2.0,12,17,True,1.0,Z2.4|ADX≤20|SL2.5ATR|TP2R|12-17|turn|BE1R,Development,8,3,5,98.7625,-1.2375,-1.2375,0.7991252575345682,4.8218,2.4215
2.4,20.0,2.5,2.0,12,17,True,1.5,Z2.4|ADX≤20|SL2.5ATR|TP2R|12-17|turn|BE1.5R,Development,8,3,5,98.2086,-1.7914,-1.7914,0.7324722720310699,5.3646,2.4113
2.4,20.0,3.0,1.5,12,17,True,1.0,Z2.4|ADX≤20|SL3ATR|TP1.5R|12-17|turn|BE1R,Development,11,5,6,98.6493,-1.3507,-1.3507,0.818588706120851,3.8231,2.944
2.2,18.0,2.5,2.0,7,17,True,,Z2.2|ADX≤18|SL2.5ATR|TP2R|07-17|turn|off,Baseline — Validation (2023-2024),9,6,3,105.3066,5.3066,5.3066,2.1308706393502708,2.9537,3.2763
2.2,18.0,2.5,2.0,7,17,True,,Z2.2|ADX≤18|SL2.5ATR|TP2R|07-17|turn|off,Baseline — Holdout (2025 onward),20,9,11,94.2795,-5.7205,-5.7205,0.7038267733483373,6.5109,7.5661
2.4,20.0,3.0,1.5,12,17,True,1.0,Z2.4|ADX≤20|SL3ATR|TP1.5R|12-17|turn|BE1R,Development-selected — Validation (2023-2024),8,1,7,90.4689,-9.5311,-9.5311,0.09577092391180904,9.5311,2.9538
2.4,20.0,3.0,1.5,12,17,True,1.0,Z2.4|ADX≤20|SL3ATR|TP1.5R|12-17|turn|BE1R,Development-selected — Holdout (2025 onward),5,2,3,98.1416,-1.8584,-1.8584,0.5495472446271725,4.1257,1.5357
