config_id,context,setup,direction,trend_adx_min,range_adx_max,trend_ema_separation_atr,range_ema_separation_atr,atr_ratio_min,atr_ratio_max,ema_touch_atr,rsi_level,rsi_reclaim,cci_level,bb_width_percentile_max,breakout_range_atr,require_vwap,vwap_distance_atr,require_confirmation_break,stop_atr,target_rr,max_hold_bars,parameters_json
BULL_PULLBACK-C01,BULL_PULLBACK,pullback,LONG,18.0,18.0,0.15,0.4,0.85,2.1,0.2,40.0,50.0,0.0,0.15,1.0,False,0.25,True,1.5,2.0,24,"{""atr_ratio_max"":2.1,""atr_ratio_min"":0.85,""bb_width_percentile_max"":0.15,""breakout_range_atr"":1.0,""cci_level"":0.0,""context"":""BULL_PULLBACK"",""direction"":""LONG"",""ema_touch_atr"":0.2,""max_hold_bars"":24,""range_adx_max"":18.0,""range_ema_separation_atr"":0.4,""require_confirmation_break"":true,""require_vwap"":false,""rsi_level"":40.0,""rsi_reclaim"":50.0,""setup"":""pullback"",""stop_atr"":1.5,""target_rr"":2.0,""trend_adx_min"":18.0,""trend_ema_separation_atr"":0.15,""vwap_distance_atr"":0.25}"
BULL_PULLBACK-C02,BULL_PULLBACK,pullback,LONG,18.0,22.0,0.15,0.25,0.45,1.8,0.2,40.0,48.0,50.0,0.15,1.2,True,0.5,False,1.25,1.25,48,"{""atr_ratio_max"":1.8,""atr_ratio_min"":0.45,""bb_width_percentile_max"":0.15,""breakout_range_atr"":1.2,""cci_level"":50.0,""context"":""BULL_PULLBACK"",""direction"":""LONG"",""ema_touch_atr"":0.2,""max_hold_bars"":48,""range_adx_max"":22.0,""range_ema_separation_atr"":0.25,""require_confirmation_break"":false,""require_vwap"":true,""rsi_level"":40.0,""rsi_reclaim"":48.0,""setup"":""pullback"",""stop_atr"":1.25,""target_rr"":1.25,""trend_adx_min"":18.0,""trend_ema_separation_atr"":0.15,""vwap_distance_atr"":0.5}"
BULL_PULLBACK-C03,BULL_PULLBACK,pullback,LONG,22.0,18.0,0.15,0.4,0.45,1.5,0.0,40.0,50.0,25.0,0.25,0.8,False,0.5,False,2.0,2.0,48,"{""atr_ratio_max"":1.5,""atr_ratio_min"":0.45,""bb_width_percentile_max"":0.25,""breakout_range_atr"":0.8,""cci_level"":25.0,""context"":""BULL_PULLBACK"",""direction"":""LONG"",""ema_touch_atr"":0.0,""max_hold_bars"":48,""range_adx_max"":18.0,""range_ema_separation_atr"":0.4,""require_confirmation_break"":false,""require_vwap"":false,""rsi_level"":40.0,""rsi_reclaim"":50.0,""setup"":""pullback"",""stop_atr"":2.0,""target_rr"":2.0,""trend_adx_min"":22.0,""trend_ema_separation_atr"":0.15,""vwap_distance_atr"":0.5}"
BULL_PULLBACK-C04,BULL_PULLBACK,pullback,LONG,26.0,14.0,0.3,0.1,0.85,2.1,0.4,45.0,52.0,0.0,0.15,1.0,False,0.5,True,1.25,1.25,48,"{""atr_ratio_max"":2.1,""atr_ratio_min"":0.85,""bb_width_percentile_max"":0.15,""breakout_range_atr"":1.0,""cci_level"":0.0,""context"":""BULL_PULLBACK"",""direction"":""LONG"",""ema_touch_atr"":0.4,""max_hold_bars"":48,""range_adx_max"":14.0,""range_ema_separation_atr"":0.1,""require_confirmation_break"":true,""require_vwap"":false,""rsi_level"":45.0,""rsi_reclaim"":52.0,""setup"":""pullback"",""stop_atr"":1.25,""target_rr"":1.25,""trend_adx_min"":26.0,""trend_ema_separation_atr"":0.3,""vwap_distance_atr"":0.5}"
BULL_PULLBACK-C05,BULL_PULLBACK,pullback,LONG,22.0,22.0,0.15,0.1,0.45,1.8,0.0,40.0,48.0,25.0,0.15,1.2,False,0.0,False,1.5,1.5,24,"{""atr_ratio_max"":1.8,""atr_ratio_min"":0.45,""bb_width_percentile_max"":0.15,""breakout_range_atr"":1.2,""cci_level"":25.0,""context"":""BULL_PULLBACK"",""direction"":""LONG"",""ema_touch_atr"":0.0,""max_hold_bars"":24,""range_adx_max"":22.0,""range_ema_separation_atr"":0.1,""require_confirmation_break"":false,""require_vwap"":false,""rsi_level"":40.0,""rsi_reclaim"":48.0,""setup"":""pullback"",""stop_atr"":1.5,""target_rr"":1.5,""trend_adx_min"":22.0,""trend_ema_separation_atr"":0.15,""vwap_distance_atr"":0.0}"
BULL_PULLBACK-C06,BULL_PULLBACK,pullback,LONG,18.0,18.0,0.3,0.1,0.85,1.8,0.0,48.0,50.0,0.0,0.25,1.2,False,0.0,True,2.0,1.5,24,"{""atr_ratio_max"":1.8,""atr_ratio_min"":0.85,""bb_width_percentile_max"":0.25,""breakout_range_atr"":1.2,""cci_level"":0.0,""context"":""BULL_PULLBACK"",""direction"":""LONG"",""ema_touch_atr"":0.0,""max_hold_bars"":24,""range_adx_max"":18.0,""range_ema_separation_atr"":0.1,""require_confirmation_break"":true,""require_vwap"":false,""rsi_level"":48.0,""rsi_reclaim"":50.0,""setup"":""pullback"",""stop_atr"":2.0,""target_rr"":1.5,""trend_adx_min"":18.0,""trend_ema_separation_atr"":0.3,""vwap_distance_atr"":0.0}"
BULL_PULLBACK-C07,BULL_PULLBACK,pullback,LONG,26.0,22.0,0.3,0.4,0.45,1.8,0.2,48.0,48.0,50.0,0.35,0.8,True,0.25,True,1.5,2.0,72,"{""atr_ratio_max"":1.8,""atr_ratio_min"":0.45,""bb_width_percentile_max"":0.35,""breakout_range_atr"":0.8,""cci_level"":50.0,""context"":""BULL_PULLBACK"",""direction"":""LONG"",""ema_touch_atr"":0.2,""max_hold_bars"":72,""range_adx_max"":22.0,""range_ema_separation_atr"":0.4,""require_confirmation_break"":true,""require_vwap"":true,""rsi_level"":48.0,""rsi_reclaim"":48.0,""setup"":""pullback"",""stop_atr"":1.5,""target_rr"":2.0,""trend_adx_min"":26.0,""trend_ema_separation_atr"":0.3,""vwap_distance_atr"":0.25}"
BULL_PULLBACK-C08,BULL_PULLBACK,pullback,LONG,26.0,22.0,0.05,0.25,0.65,1.5,0.0,48.0,52.0,50.0,0.35,1.2,True,0.25,False,2.0,1.5,48,"{""atr_ratio_max"":1.5,""atr_ratio_min"":0.65,""bb_width_percentile_max"":0.35,""breakout_range_atr"":1.2,""cci_level"":50.0,""context"":""BULL_PULLBACK"",""direction"":""LONG"",""ema_touch_atr"":0.0,""max_hold_bars"":48,""range_adx_max"":22.0,""range_ema_separation_atr"":0.25,""require_confirmation_break"":false,""require_vwap"":true,""rsi_level"":48.0,""rsi_reclaim"":52.0,""setup"":""pullback"",""stop_atr"":2.0,""target_rr"":1.5,""trend_adx_min"":26.0,""trend_ema_separation_atr"":0.05,""vwap_distance_atr"":0.25}"
BULL_PULLBACK-C09,BULL_PULLBACK,pullback,LONG,18.0,14.0,0.3,0.4,0.65,2.1,0.4,45.0,50.0,0.0,0.25,1.0,False,0.25,True,1.25,1.5,72,"{""atr_ratio_max"":2.1,""atr_ratio_min"":0.65,""bb_width_percentile_max"":0.25,""breakout_range_atr"":1.0,""cci_level"":0.0,""context"":""BULL_PULLBACK"",""direction"":""LONG"",""ema_touch_atr"":0.4,""max_hold_bars"":72,""range_adx_max"":14.0,""range_ema_separation_atr"":0.4,""require_confirmation_break"":true,""require_vwap"":false,""rsi_level"":45.0,""rsi_reclaim"":50.0,""setup"":""pullback"",""stop_atr"":1.25,""target_rr"":1.5,""trend_adx_min"":18.0,""trend_ema_separation_atr"":0.3,""vwap_distance_atr"":0.25}"
BULL_PULLBACK-C10,BULL_PULLBACK,pullback,LONG,22.0,18.0,0.05,0.25,0.65,2.1,0.4,45.0,52.0,25.0,0.25,0.8,True,0.5,False,1.25,1.25,72,"{""atr_ratio_max"":2.1,""atr_ratio_min"":0.65,""bb_width_percentile_max"":0.25,""breakout_range_atr"":0.8,""cci_level"":25.0,""context"":""BULL_PULLBACK"",""direction"":""LONG"",""ema_touch_atr"":0.4,""max_hold_bars"":72,""range_adx_max"":18.0,""range_ema_separation_atr"":0.25,""require_confirmation_break"":false,""require_vwap"":true,""rsi_level"":45.0,""rsi_reclaim"":52.0,""setup"":""pullback"",""stop_atr"":1.25,""target_rr"":1.25,""trend_adx_min"":22.0,""trend_ema_separation_atr"":0.05,""vwap_distance_atr"":0.5}"
BULL_PULLBACK-C11,BULL_PULLBACK,pullback,LONG,22.0,14.0,0.05,0.25,0.65,1.5,0.4,45.0,48.0,25.0,0.35,0.8,True,0.0,True,2.0,2.0,24,"{""atr_ratio_max"":1.5,""atr_ratio_min"":0.65,""bb_width_percentile_max"":0.35,""breakout_range_atr"":0.8,""cci_level"":25.0,""context"":""BULL_PULLBACK"",""direction"":""LONG"",""ema_touch_atr"":0.4,""max_hold_bars"":24,""range_adx_max"":14.0,""range_ema_separation_atr"":0.25,""require_confirmation_break"":true,""require_vwap"":true,""rsi_level"":45.0,""rsi_reclaim"":48.0,""setup"":""pullback"",""stop_atr"":2.0,""target_rr"":2.0,""trend_adx_min"":22.0,""trend_ema_separation_atr"":0.05,""vwap_distance_atr"":0.0}"
BULL_PULLBACK-C12,BULL_PULLBACK,pullback,LONG,26.0,14.0,0.05,0.1,0.85,1.5,0.2,48.0,52.0,50.0,0.35,1.0,True,0.0,False,1.5,1.25,72,"{""atr_ratio_max"":1.5,""atr_ratio_min"":0.85,""bb_width_percentile_max"":0.35,""breakout_range_atr"":1.0,""cci_level"":50.0,""context"":""BULL_PULLBACK"",""direction"":""LONG"",""ema_touch_atr"":0.2,""max_hold_bars"":72,""range_adx_max"":14.0,""range_ema_separation_atr"":0.1,""require_confirmation_break"":false,""require_vwap"":true,""rsi_level"":48.0,""rsi_reclaim"":52.0,""setup"":""pullback"",""stop_atr"":1.5,""target_rr"":1.25,""trend_adx_min"":26.0,""trend_ema_separation_atr"":0.05,""vwap_distance_atr"":0.0}"
BEAR_PULLBACK-C01,BEAR_PULLBACK,pullback,SHORT,18.0,22.0,0.3,0.1,0.65,1.8,0.4,45.0,52.0,25.0,0.35,1.0,False,0.0,False,1.25,1.5,24,"{""atr_ratio_max"":1.8,""atr_ratio_min"":0.65,""bb_width_percentile_max"":0.35,""breakout_range_atr"":1.0,""cci_level"":25.0,""context"":""BEAR_PULLBACK"",""direction"":""SHORT"",""ema_touch_atr"":0.4,""max_hold_bars"":24,""range_adx_max"":22.0,""range_ema_separation_atr"":0.1,""require_confirmation_break"":false,""require_vwap"":false,""rsi_level"":45.0,""rsi_reclaim"":52.0,""setup"":""pullback"",""stop_atr"":1.25,""target_rr"":1.5,""trend_adx_min"":18.0,""trend_ema_separation_atr"":0.3,""vwap_distance_atr"":0.0}"
BEAR_PULLBACK-C02,BEAR_PULLBACK,pullback,SHORT,18.0,14.0,0.05,0.4,0.45,1.8,0.2,45.0,52.0,0.0,0.25,1.2,False,0.5,True,2.0,1.25,48,"{""atr_ratio_max"":1.8,""atr_ratio_min"":0.45,""bb_width_percentile_max"":0.25,""breakout_range_atr"":1.2,""cci_level"":0.0,""context"":""BEAR_PULLBACK"",""direction"":""SHORT"",""ema_touch_atr"":0.2,""max_hold_bars"":48,""range_adx_max"":14.0,""range_ema_separation_atr"":0.4,""require_confirmation_break"":true,""require_vwap"":false,""rsi_level"":45.0,""rsi_reclaim"":52.0,""setup"":""pullback"",""stop_atr"":2.0,""target_rr"":1.25,""trend_adx_min"":18.0,""trend_ema_separation_atr"":0.05,""vwap_distance_atr"":0.5}"
BEAR_PULLBACK-C03,BEAR_PULLBACK,pullback,SHORT,26.0,14.0,0.15,0.1,0.85,2.1,0.2,48.0,50.0,0.0,0.35,0.8,True,0.5,True,2.0,1.25,72,"{""atr_ratio_max"":2.1,""atr_ratio_min"":0.85,""bb_width_percentile_max"":0.35,""breakout_range_atr"":0.8,""cci_level"":0.0,""context"":""BEAR_PULLBACK"",""direction"":""SHORT"",""ema_touch_atr"":0.2,""max_hold_bars"":72,""range_adx_max"":14.0,""range_ema_separation_atr"":0.1,""require_confirmation_break"":true,""require_vwap"":true,""rsi_level"":48.0,""rsi_reclaim"":50.0,""setup"":""pullback"",""stop_atr"":2.0,""target_rr"":1.25,""trend_adx_min"":26.0,""trend_ema_separation_atr"":0.15,""vwap_distance_atr"":0.5}"
BEAR_PULLBACK-C04,BEAR_PULLBACK,pullback,SHORT,22.0,18.0,0.05,0.1,0.85,1.5,0.0,48.0,48.0,0.0,0.25,1.2,True,0.5,False,1.5,2.0,24,"{""atr_ratio_max"":1.5,""atr_ratio_min"":0.85,""bb_width_percentile_max"":0.25,""breakout_range_atr"":1.2,""cci_level"":0.0,""context"":""BEAR_PULLBACK"",""direction"":""SHORT"",""ema_touch_atr"":0.0,""max_hold_bars"":24,""range_adx_max"":18.0,""range_ema_separation_atr"":0.1,""require_confirmation_break"":false,""require_vwap"":true,""rsi_level"":48.0,""rsi_reclaim"":48.0,""setup"":""pullback"",""stop_atr"":1.5,""target_rr"":2.0,""trend_adx_min"":22.0,""trend_ema_separation_atr"":0.05,""vwap_distance_atr"":0.5}"
BEAR_PULLBACK-C05,BEAR_PULLBACK,pullback,SHORT,22.0,22.0,0.3,0.4,0.65,2.1,0.0,40.0,48.0,50.0,0.25,1.2,True,0.25,True,2.0,1.5,48,"{""atr_ratio_max"":2.1,""atr_ratio_min"":0.65,""bb_width_percentile_max"":0.25,""breakout_range_atr"":1.2,""cci_level"":50.0,""context"":""BEAR_PULLBACK"",""direction"":""SHORT"",""ema_touch_atr"":0.0,""max_hold_bars"":48,""range_adx_max"":22.0,""range_ema_separation_atr"":0.4,""require_confirmation_break"":true,""require_vwap"":true,""rsi_level"":40.0,""rsi_reclaim"":48.0,""setup"":""pullback"",""stop_atr"":2.0,""target_rr"":1.5,""trend_adx_min"":22.0,""trend_ema_separation_atr"":0.3,""vwap_distance_atr"":0.25}"
BEAR_PULLBACK-C06,BEAR_PULLBACK,pullback,SHORT,26.0,22.0,0.05,0.1,0.45,1.8,0.2,48.0,48.0,50.0,0.15,0.8,False,0.0,True,1.5,2.0,24,"{""atr_ratio_max"":1.8,""atr_ratio_min"":0.45,""bb_width_percentile_max"":0.15,""breakout_range_atr"":0.8,""cci_level"":50.0,""context"":""BEAR_PULLBACK"",""direction"":""SHORT"",""ema_touch_atr"":0.2,""max_hold_bars"":24,""range_adx_max"":22.0,""range_ema_separation_atr"":0.1,""require_confirmation_break"":true,""require_vwap"":false,""rsi_level"":48.0,""rsi_reclaim"":48.0,""setup"":""pullback"",""stop_atr"":1.5,""target_rr"":2.0,""trend_adx_min"":26.0,""trend_ema_separation_atr"":0.05,""vwap_distance_atr"":0.0}"
BEAR_PULLBACK-C07,BEAR_PULLBACK,pullback,SHORT,22.0,18.0,0.05,0.25,0.85,1.5,0.4,45.0,52.0,25.0,0.15,0.8,True,0.25,False,2.0,1.5,48,"{""atr_ratio_max"":1.5,""atr_ratio_min"":0.85,""bb_width_percentile_max"":0.15,""breakout_range_atr"":0.8,""cci_level"":25.0,""context"":""BEAR_PULLBACK"",""direction"":""SHORT"",""ema_touch_atr"":0.4,""max_hold_bars"":48,""range_adx_max"":18.0,""range_ema_separation_atr"":0.25,""require_confirmation_break"":false,""require_vwap"":true,""rsi_level"":45.0,""rsi_reclaim"":52.0,""setup"":""pullback"",""stop_atr"":2.0,""target_rr"":1.5,""trend_adx_min"":22.0,""trend_ema_separation_atr"":0.05,""vwap_distance_atr"":0.25}"
BEAR_PULLBACK-C08,BEAR_PULLBACK,pullback,SHORT,26.0,22.0,0.15,0.25,0.65,1.8,0.4,48.0,50.0,50.0,0.15,1.0,False,0.25,True,1.5,2.0,48,"{""atr_ratio_max"":1.8,""atr_ratio_min"":0.65,""bb_width_percentile_max"":0.15,""breakout_range_atr"":1.0,""cci_level"":50.0,""context"":""BEAR_PULLBACK"",""direction"":""SHORT"",""ema_touch_atr"":0.4,""max_hold_bars"":48,""range_adx_max"":22.0,""range_ema_separation_atr"":0.25,""require_confirmation_break"":true,""require_vwap"":false,""rsi_level"":48.0,""rsi_reclaim"":50.0,""setup"":""pullback"",""stop_atr"":1.5,""target_rr"":2.0,""trend_adx_min"":26.0,""trend_ema_separation_atr"":0.15,""vwap_distance_atr"":0.25}"
BEAR_PULLBACK-C09,BEAR_PULLBACK,pullback,SHORT,22.0,18.0,0.15,0.4,0.45,1.5,0.4,45.0,52.0,50.0,0.35,0.8,True,0.0,False,1.25,1.5,24,"{""atr_ratio_max"":1.5,""atr_ratio_min"":0.45,""bb_width_percentile_max"":0.35,""breakout_range_atr"":0.8,""cci_level"":50.0,""context"":""BEAR_PULLBACK"",""direction"":""SHORT"",""ema_touch_atr"":0.4,""max_hold_bars"":24,""range_adx_max"":18.0,""range_ema_separation_atr"":0.4,""require_confirmation_break"":false,""require_vwap"":true,""rsi_level"":45.0,""rsi_reclaim"":52.0,""setup"":""pullback"",""stop_atr"":1.25,""target_rr"":1.5,""trend_adx_min"":22.0,""trend_ema_separation_atr"":0.15,""vwap_distance_atr"":0.0}"
BEAR_PULLBACK-C10,BEAR_PULLBACK,pullback,SHORT,18.0,14.0,0.15,0.4,0.85,1.5,0.0,40.0,50.0,25.0,0.35,1.0,True,0.25,False,1.25,2.0,72,"{""atr_ratio_max"":1.5,""atr_ratio_min"":0.85,""bb_width_percentile_max"":0.35,""breakout_range_atr"":1.0,""cci_level"":25.0,""context"":""BEAR_PULLBACK"",""direction"":""SHORT"",""ema_touch_atr"":0.0,""max_hold_bars"":72,""range_adx_max"":14.0,""range_ema_separation_atr"":0.4,""require_confirmation_break"":false,""require_vwap"":true,""rsi_level"":40.0,""rsi_reclaim"":50.0,""setup"":""pullback"",""stop_atr"":1.25,""target_rr"":2.0,""trend_adx_min"":18.0,""trend_ema_separation_atr"":0.15,""vwap_distance_atr"":0.25}"
BEAR_PULLBACK-C11,BEAR_PULLBACK,pullback,SHORT,18.0,14.0,0.3,0.25,0.45,2.1,0.2,40.0,50.0,25.0,0.25,1.2,False,0.5,False,1.5,1.25,72,"{""atr_ratio_max"":2.1,""atr_ratio_min"":0.45,""bb_width_percentile_max"":0.25,""breakout_range_atr"":1.2,""cci_level"":25.0,""context"":""BEAR_PULLBACK"",""direction"":""SHORT"",""ema_touch_atr"":0.2,""max_hold_bars"":72,""range_adx_max"":14.0,""range_ema_separation_atr"":0.25,""require_confirmation_break"":false,""require_vwap"":false,""rsi_level"":40.0,""rsi_reclaim"":50.0,""setup"":""pullback"",""stop_atr"":1.5,""target_rr"":1.25,""trend_adx_min"":18.0,""trend_ema_separation_atr"":0.3,""vwap_distance_atr"":0.5}"
BEAR_PULLBACK-C12,BEAR_PULLBACK,pullback,SHORT,26.0,18.0,0.3,0.25,0.65,2.1,0.0,40.0,48.0,0.0,0.15,1.0,False,0.0,True,1.25,1.25,72,"{""atr_ratio_max"":2.1,""atr_ratio_min"":0.65,""bb_width_percentile_max"":0.15,""breakout_range_atr"":1.0,""cci_level"":0.0,""context"":""BEAR_PULLBACK"",""direction"":""SHORT"",""ema_touch_atr"":0.0,""max_hold_bars"":72,""range_adx_max"":18.0,""range_ema_separation_atr"":0.25,""require_confirmation_break"":true,""require_vwap"":false,""rsi_level"":40.0,""rsi_reclaim"":48.0,""setup"":""pullback"",""stop_atr"":1.25,""target_rr"":1.25,""trend_adx_min"":26.0,""trend_ema_separation_atr"":0.3,""vwap_distance_atr"":0.0}"
BULL_BREAKOUT-C01,BULL_BREAKOUT,breakout,LONG,18.0,22.0,0.3,0.25,0.65,1.8,0.2,60.0,48.0,75.0,0.25,1.0,True,0.5,False,2.0,1.25,72,"{""atr_ratio_max"":1.8,""atr_ratio_min"":0.65,""bb_width_percentile_max"":0.25,""breakout_range_atr"":1.0,""cci_level"":75.0,""context"":""BULL_BREAKOUT"",""direction"":""LONG"",""ema_touch_atr"":0.2,""max_hold_bars"":72,""range_adx_max"":22.0,""range_ema_separation_atr"":0.25,""require_confirmation_break"":false,""require_vwap"":true,""rsi_level"":60.0,""rsi_reclaim"":48.0,""setup"":""breakout"",""stop_atr"":2.0,""target_rr"":1.25,""trend_adx_min"":18.0,""trend_ema_separation_atr"":0.3,""vwap_distance_atr"":0.5}"
BULL_BREAKOUT-C02,BULL_BREAKOUT,breakout,LONG,26.0,14.0,0.15,0.4,0.65,1.5,0.4,55.0,48.0,125.0,0.35,0.8,True,0.0,False,2.0,1.25,24,"{""atr_ratio_max"":1.5,""atr_ratio_min"":0.65,""bb_width_percentile_max"":0.35,""breakout_range_atr"":0.8,""cci_level"":125.0,""context"":""BULL_BREAKOUT"",""direction"":""LONG"",""ema_touch_atr"":0.4,""max_hold_bars"":24,""range_adx_max"":14.0,""range_ema_separation_atr"":0.4,""require_confirmation_break"":false,""require_vwap"":true,""rsi_level"":55.0,""rsi_reclaim"":48.0,""setup"":""breakout"",""stop_atr"":2.0,""target_rr"":1.25,""trend_adx_min"":26.0,""trend_ema_separation_atr"":0.15,""vwap_distance_atr"":0.0}"
BULL_BREAKOUT-C03,BULL_BREAKOUT,breakout,LONG,26.0,18.0,0.05,0.4,0.45,2.1,0.4,65.0,50.0,125.0,0.35,1.2,False,0.0,True,2.0,2.0,72,"{""atr_ratio_max"":2.1,""atr_ratio_min"":0.45,""bb_width_percentile_max"":0.35,""breakout_range_atr"":1.2,""cci_level"":125.0,""context"":""BULL_BREAKOUT"",""direction"":""LONG"",""ema_touch_atr"":0.4,""max_hold_bars"":72,""range_adx_max"":18.0,""range_ema_separation_atr"":0.4,""require_confirmation_break"":true,""require_vwap"":false,""rsi_level"":65.0,""rsi_reclaim"":50.0,""setup"":""breakout"",""stop_atr"":2.0,""target_rr"":2.0,""trend_adx_min"":26.0,""trend_ema_separation_atr"":0.05,""vwap_distance_atr"":0.0}"
BULL_BREAKOUT-C04,BULL_BREAKOUT,breakout,LONG,22.0,22.0,0.3,0.1,0.65,2.1,0.4,55.0,52.0,100.0,0.25,0.8,True,0.0,True,1.5,1.5,48,"{""atr_ratio_max"":2.1,""atr_ratio_min"":0.65,""bb_width_percentile_max"":0.25,""breakout_range_atr"":0.8,""cci_level"":100.0,""context"":""BULL_BREAKOUT"",""direction"":""LONG"",""ema_touch_atr"":0.4,""max_hold_bars"":48,""range_adx_max"":22.0,""range_ema_separation_atr"":0.1,""require_confirmation_break"":true,""require_vwap"":true,""rsi_level"":55.0,""rsi_reclaim"":52.0,""setup"":""breakout"",""stop_atr"":1.5,""target_rr"":1.5,""trend_adx_min"":22.0,""trend_ema_separation_atr"":0.3,""vwap_distance_atr"":0.0}"
BULL_BREAKOUT-C05,BULL_BREAKOUT,breakout,LONG,26.0,18.0,0.15,0.1,0.45,1.5,0.0,60.0,48.0,100.0,0.35,1.0,False,0.5,True,1.25,1.5,24,"{""atr_ratio_max"":1.5,""atr_ratio_min"":0.45,""bb_width_percentile_max"":0.35,""breakout_range_atr"":1.0,""cci_level"":100.0,""context"":""BULL_BREAKOUT"",""direction"":""LONG"",""ema_touch_atr"":0.0,""max_hold_bars"":24,""range_adx_max"":18.0,""range_ema_separation_atr"":0.1,""require_confirmation_break"":true,""require_vwap"":false,""rsi_level"":60.0,""rsi_reclaim"":48.0,""setup"":""breakout"",""stop_atr"":1.25,""target_rr"":1.5,""trend_adx_min"":26.0,""trend_ema_separation_atr"":0.15,""vwap_distance_atr"":0.5}"
BULL_BREAKOUT-C06,BULL_BREAKOUT,breakout,LONG,26.0,14.0,0.3,0.4,0.45,1.8,0.0,65.0,48.0,75.0,0.35,1.0,False,0.5,True,1.25,1.5,48,"{""atr_ratio_max"":1.8,""atr_ratio_min"":0.45,""bb_width_percentile_max"":0.35,""breakout_range_atr"":1.0,""cci_level"":75.0,""context"":""BULL_BREAKOUT"",""direction"":""LONG"",""ema_touch_atr"":0.0,""max_hold_bars"":48,""range_adx_max"":14.0,""range_ema_separation_atr"":0.4,""require_confirmation_break"":true,""require_vwap"":false,""rsi_level"":65.0,""rsi_reclaim"":48.0,""setup"":""breakout"",""stop_atr"":1.25,""target_rr"":1.5,""trend_adx_min"":26.0,""trend_ema_separation_atr"":0.3,""vwap_distance_atr"":0.5}"
BULL_BREAKOUT-C07,BULL_BREAKOUT,breakout,LONG,22.0,18.0,0.3,0.1,0.65,1.8,0.2,65.0,52.0,100.0,0.25,1.2,False,0.0,False,1.25,1.25,72,"{""atr_ratio_max"":1.8,""atr_ratio_min"":0.65,""bb_width_percentile_max"":0.25,""breakout_range_atr"":1.2,""cci_level"":100.0,""context"":""BULL_BREAKOUT"",""direction"":""LONG"",""ema_touch_atr"":0.2,""max_hold_bars"":72,""range_adx_max"":18.0,""range_ema_separation_atr"":0.1,""require_confirmation_break"":false,""require_vwap"":false,""rsi_level"":65.0,""rsi_reclaim"":52.0,""setup"":""breakout"",""stop_atr"":1.25,""target_rr"":1.25,""trend_adx_min"":22.0,""trend_ema_separation_atr"":0.3,""vwap_distance_atr"":0.0}"
BULL_BREAKOUT-C08,BULL_BREAKOUT,breakout,LONG,18.0,22.0,0.15,0.25,0.85,1.5,0.2,60.0,50.0,75.0,0.15,0.8,True,0.25,True,2.0,1.5,48,"{""atr_ratio_max"":1.5,""atr_ratio_min"":0.85,""bb_width_percentile_max"":0.15,""breakout_range_atr"":0.8,""cci_level"":75.0,""context"":""BULL_BREAKOUT"",""direction"":""LONG"",""ema_touch_atr"":0.2,""max_hold_bars"":48,""range_adx_max"":22.0,""range_ema_separation_atr"":0.25,""require_confirmation_break"":true,""require_vwap"":true,""rsi_level"":60.0,""rsi_reclaim"":50.0,""setup"":""breakout"",""stop_atr"":2.0,""target_rr"":1.5,""trend_adx_min"":18.0,""trend_ema_separation_atr"":0.15,""vwap_distance_atr"":0.25}"
BULL_BREAKOUT-C09,BULL_BREAKOUT,breakout,LONG,22.0,14.0,0.05,0.1,0.45,2.1,0.0,65.0,50.0,75.0,0.15,1.0,False,0.25,False,1.25,2.0,24,"{""atr_ratio_max"":2.1,""atr_ratio_min"":0.45,""bb_width_percentile_max"":0.15,""breakout_range_atr"":1.0,""cci_level"":75.0,""context"":""BULL_BREAKOUT"",""direction"":""LONG"",""ema_touch_atr"":0.0,""max_hold_bars"":24,""range_adx_max"":14.0,""range_ema_separation_atr"":0.1,""require_confirmation_break"":false,""require_vwap"":false,""rsi_level"":65.0,""rsi_reclaim"":50.0,""setup"":""breakout"",""stop_atr"":1.25,""target_rr"":2.0,""trend_adx_min"":22.0,""trend_ema_separation_atr"":0.05,""vwap_distance_atr"":0.25}"
BULL_BREAKOUT-C10,BULL_BREAKOUT,breakout,LONG,18.0,22.0,0.05,0.4,0.85,1.5,0.2,55.0,52.0,100.0,0.25,1.2,True,0.25,True,1.5,1.25,48,"{""atr_ratio_max"":1.5,""atr_ratio_min"":0.85,""bb_width_percentile_max"":0.25,""breakout_range_atr"":1.2,""cci_level"":100.0,""context"":""BULL_BREAKOUT"",""direction"":""LONG"",""ema_touch_atr"":0.2,""max_hold_bars"":48,""range_adx_max"":22.0,""range_ema_separation_atr"":0.4,""require_confirmation_break"":true,""require_vwap"":true,""rsi_level"":55.0,""rsi_reclaim"":52.0,""setup"":""breakout"",""stop_atr"":1.5,""target_rr"":1.25,""trend_adx_min"":18.0,""trend_ema_separation_atr"":0.05,""vwap_distance_atr"":0.25}"
BULL_BREAKOUT-C11,BULL_BREAKOUT,breakout,LONG,22.0,14.0,0.15,0.25,0.85,2.1,0.0,55.0,50.0,125.0,0.15,0.8,False,0.5,False,1.5,2.0,72,"{""atr_ratio_max"":2.1,""atr_ratio_min"":0.85,""bb_width_percentile_max"":0.15,""breakout_range_atr"":0.8,""cci_level"":125.0,""context"":""BULL_BREAKOUT"",""direction"":""LONG"",""ema_touch_atr"":0.0,""max_hold_bars"":72,""range_adx_max"":14.0,""range_ema_separation_atr"":0.25,""require_confirmation_break"":false,""require_vwap"":false,""rsi_level"":55.0,""rsi_reclaim"":50.0,""setup"":""breakout"",""stop_atr"":1.5,""target_rr"":2.0,""trend_adx_min"":22.0,""trend_ema_separation_atr"":0.15,""vwap_distance_atr"":0.5}"
BULL_BREAKOUT-C12,BULL_BREAKOUT,breakout,LONG,18.0,18.0,0.05,0.25,0.85,1.8,0.4,60.0,52.0,125.0,0.15,1.2,True,0.25,False,1.5,2.0,24,"{""atr_ratio_max"":1.8,""atr_ratio_min"":0.85,""bb_width_percentile_max"":0.15,""breakout_range_atr"":1.2,""cci_level"":125.0,""context"":""BULL_BREAKOUT"",""direction"":""LONG"",""ema_touch_atr"":0.4,""max_hold_bars"":24,""range_adx_max"":18.0,""range_ema_separation_atr"":0.25,""require_confirmation_break"":false,""require_vwap"":true,""rsi_level"":60.0,""rsi_reclaim"":52.0,""setup"":""breakout"",""stop_atr"":1.5,""target_rr"":2.0,""trend_adx_min"":18.0,""trend_ema_separation_atr"":0.05,""vwap_distance_atr"":0.25}"
BEAR_BREAKOUT-C01,BEAR_BREAKOUT,breakout,SHORT,22.0,22.0,0.3,0.25,0.65,1.8,0.2,60.0,48.0,100.0,0.25,1.2,True,0.5,True,2.0,1.25,72,"{""atr_ratio_max"":1.8,""atr_ratio_min"":0.65,""bb_width_percentile_max"":0.25,""breakout_range_atr"":1.2,""cci_level"":100.0,""context"":""BEAR_BREAKOUT"",""direction"":""SHORT"",""ema_touch_atr"":0.2,""max_hold_bars"":72,""range_adx_max"":22.0,""range_ema_separation_atr"":0.25,""require_confirmation_break"":true,""require_vwap"":true,""rsi_level"":60.0,""rsi_reclaim"":48.0,""setup"":""breakout"",""stop_atr"":2.0,""target_rr"":1.25,""trend_adx_min"":22.0,""trend_ema_separation_atr"":0.3,""vwap_distance_atr"":0.5}"
BEAR_BREAKOUT-C02,BEAR_BREAKOUT,breakout,SHORT,18.0,22.0,0.05,0.1,0.85,1.5,0.2,60.0,50.0,125.0,0.35,1.0,True,0.0,False,1.25,2.0,72,"{""atr_ratio_max"":1.5,""atr_ratio_min"":0.85,""bb_width_percentile_max"":0.35,""breakout_range_atr"":1.0,""cci_level"":125.0,""context"":""BEAR_BREAKOUT"",""direction"":""SHORT"",""ema_touch_atr"":0.2,""max_hold_bars"":72,""range_adx_max"":22.0,""range_ema_separation_atr"":0.1,""require_confirmation_break"":false,""require_vwap"":true,""rsi_level"":60.0,""rsi_reclaim"":50.0,""setup"":""breakout"",""stop_atr"":1.25,""target_rr"":2.0,""trend_adx_min"":18.0,""trend_ema_separation_atr"":0.05,""vwap_distance_atr"":0.0}"
BEAR_BREAKOUT-C03,BEAR_BREAKOUT,breakout,SHORT,26.0,18.0,0.3,0.1,0.45,2.1,0.4,65.0,48.0,75.0,0.35,0.8,True,0.0,True,2.0,1.25,24,"{""atr_ratio_max"":2.1,""atr_ratio_min"":0.45,""bb_width_percentile_max"":0.35,""breakout_range_atr"":0.8,""cci_level"":75.0,""context"":""BEAR_BREAKOUT"",""direction"":""SHORT"",""ema_touch_atr"":0.4,""max_hold_bars"":24,""range_adx_max"":18.0,""range_ema_separation_atr"":0.1,""require_confirmation_break"":true,""require_vwap"":true,""rsi_level"":65.0,""rsi_reclaim"":48.0,""setup"":""breakout"",""stop_atr"":2.0,""target_rr"":1.25,""trend_adx_min"":26.0,""trend_ema_separation_atr"":0.3,""vwap_distance_atr"":0.0}"
BEAR_BREAKOUT-C04,BEAR_BREAKOUT,breakout,SHORT,22.0,18.0,0.3,0.25,0.85,1.8,0.0,65.0,50.0,75.0,0.35,0.8,True,0.0,False,1.25,2.0,72,"{""atr_ratio_max"":1.8,""atr_ratio_min"":0.85,""bb_width_percentile_max"":0.35,""breakout_range_atr"":0.8,""cci_level"":75.0,""context"":""BEAR_BREAKOUT"",""direction"":""SHORT"",""ema_touch_atr"":0.0,""max_hold_bars"":72,""range_adx_max"":18.0,""range_ema_separation_atr"":0.25,""require_confirmation_break"":false,""require_vwap"":true,""rsi_level"":65.0,""rsi_reclaim"":50.0,""setup"":""breakout"",""stop_atr"":1.25,""target_rr"":2.0,""trend_adx_min"":22.0,""trend_ema_separation_atr"":0.3,""vwap_distance_atr"":0.0}"
BEAR_BREAKOUT-C05,BEAR_BREAKOUT,breakout,SHORT,26.0,18.0,0.05,0.25,0.65,2.1,0.0,60.0,50.0,125.0,0.25,1.2,False,0.5,True,1.25,1.5,72,"{""atr_ratio_max"":2.1,""atr_ratio_min"":0.65,""bb_width_percentile_max"":0.25,""breakout_range_atr"":1.2,""cci_level"":125.0,""context"":""BEAR_BREAKOUT"",""direction"":""SHORT"",""ema_touch_atr"":0.0,""max_hold_bars"":72,""range_adx_max"":18.0,""range_ema_separation_atr"":0.25,""require_confirmation_break"":true,""require_vwap"":false,""rsi_level"":60.0,""rsi_reclaim"":50.0,""setup"":""breakout"",""stop_atr"":1.25,""target_rr"":1.5,""trend_adx_min"":26.0,""trend_ema_separation_atr"":0.05,""vwap_distance_atr"":0.5}"
BEAR_BREAKOUT-C06,BEAR_BREAKOUT,breakout,SHORT,22.0,14.0,0.05,0.4,0.45,1.5,0.4,55.0,52.0,125.0,0.15,0.8,False,0.25,False,1.5,1.5,48,"{""atr_ratio_max"":1.5,""atr_ratio_min"":0.45,""bb_width_percentile_max"":0.15,""breakout_range_atr"":0.8,""cci_level"":125.0,""context"":""BEAR_BREAKOUT"",""direction"":""SHORT"",""ema_touch_atr"":0.4,""max_hold_bars"":48,""range_adx_max"":14.0,""range_ema_separation_atr"":0.4,""require_confirmation_break"":false,""require_vwap"":false,""rsi_level"":55.0,""rsi_reclaim"":52.0,""setup"":""breakout"",""stop_atr"":1.5,""target_rr"":1.5,""trend_adx_min"":22.0,""trend_ema_separation_atr"":0.05,""vwap_distance_atr"":0.25}"
BEAR_BREAKOUT-C07,BEAR_BREAKOUT,breakout,SHORT,26.0,22.0,0.15,0.4,0.45,2.1,0.0,65.0,48.0,100.0,0.15,1.2,False,0.5,True,2.0,1.5,48,"{""atr_ratio_max"":2.1,""atr_ratio_min"":0.45,""bb_width_percentile_max"":0.15,""breakout_range_atr"":1.2,""cci_level"":100.0,""context"":""BEAR_BREAKOUT"",""direction"":""SHORT"",""ema_touch_atr"":0.0,""max_hold_bars"":48,""range_adx_max"":22.0,""range_ema_separation_atr"":0.4,""require_confirmation_break"":true,""require_vwap"":false,""rsi_level"":65.0,""rsi_reclaim"":48.0,""setup"":""breakout"",""stop_atr"":2.0,""target_rr"":1.5,""trend_adx_min"":26.0,""trend_ema_separation_atr"":0.15,""vwap_distance_atr"":0.5}"
BEAR_BREAKOUT-C08,BEAR_BREAKOUT,breakout,SHORT,18.0,18.0,0.3,0.25,0.85,1.5,0.2,60.0,52.0,75.0,0.15,1.2,False,0.25,False,1.5,2.0,48,"{""atr_ratio_max"":1.5,""atr_ratio_min"":0.85,""bb_width_percentile_max"":0.15,""breakout_range_atr"":1.2,""cci_level"":75.0,""context"":""BEAR_BREAKOUT"",""direction"":""SHORT"",""ema_touch_atr"":0.2,""max_hold_bars"":48,""range_adx_max"":18.0,""range_ema_separation_atr"":0.25,""require_confirmation_break"":false,""require_vwap"":false,""rsi_level"":60.0,""rsi_reclaim"":52.0,""setup"":""breakout"",""stop_atr"":1.5,""target_rr"":2.0,""trend_adx_min"":18.0,""trend_ema_separation_atr"":0.3,""vwap_distance_atr"":0.25}"
BEAR_BREAKOUT-C09,BEAR_BREAKOUT,breakout,SHORT,22.0,22.0,0.15,0.4,0.85,1.8,0.4,55.0,50.0,75.0,0.25,0.8,False,0.5,True,1.5,1.25,48,"{""atr_ratio_max"":1.8,""atr_ratio_min"":0.85,""bb_width_percentile_max"":0.25,""breakout_range_atr"":0.8,""cci_level"":75.0,""context"":""BEAR_BREAKOUT"",""direction"":""SHORT"",""ema_touch_atr"":0.4,""max_hold_bars"":48,""range_adx_max"":22.0,""range_ema_separation_atr"":0.4,""require_confirmation_break"":true,""require_vwap"":false,""rsi_level"":55.0,""rsi_reclaim"":50.0,""setup"":""breakout"",""stop_atr"":1.5,""target_rr"":1.25,""trend_adx_min"":22.0,""trend_ema_separation_atr"":0.15,""vwap_distance_atr"":0.5}"
BEAR_BREAKOUT-C10,BEAR_BREAKOUT,breakout,SHORT,18.0,14.0,0.05,0.1,0.45,1.8,0.4,55.0,52.0,100.0,0.35,1.0,True,0.25,False,1.25,1.25,24,"{""atr_ratio_max"":1.8,""atr_ratio_min"":0.45,""bb_width_percentile_max"":0.35,""breakout_range_atr"":1.0,""cci_level"":100.0,""context"":""BEAR_BREAKOUT"",""direction"":""SHORT"",""ema_touch_atr"":0.4,""max_hold_bars"":24,""range_adx_max"":14.0,""range_ema_separation_atr"":0.1,""require_confirmation_break"":false,""require_vwap"":true,""rsi_level"":55.0,""rsi_reclaim"":52.0,""setup"":""breakout"",""stop_atr"":1.25,""target_rr"":1.25,""trend_adx_min"":18.0,""trend_ema_separation_atr"":0.05,""vwap_distance_atr"":0.25}"
BEAR_BREAKOUT-C11,BEAR_BREAKOUT,breakout,SHORT,18.0,14.0,0.15,0.1,0.65,1.5,0.0,65.0,48.0,125.0,0.25,1.0,True,0.25,False,2.0,2.0,24,"{""atr_ratio_max"":1.5,""atr_ratio_min"":0.65,""bb_width_percentile_max"":0.25,""breakout_range_atr"":1.0,""cci_level"":125.0,""context"":""BEAR_BREAKOUT"",""direction"":""SHORT"",""ema_touch_atr"":0.0,""max_hold_bars"":24,""range_adx_max"":14.0,""range_ema_separation_atr"":0.1,""require_confirmation_break"":false,""require_vwap"":true,""rsi_level"":65.0,""rsi_reclaim"":48.0,""setup"":""breakout"",""stop_atr"":2.0,""target_rr"":2.0,""trend_adx_min"":18.0,""trend_ema_separation_atr"":0.15,""vwap_distance_atr"":0.25}"
BEAR_BREAKOUT-C12,BEAR_BREAKOUT,breakout,SHORT,26.0,14.0,0.15,0.4,0.65,2.1,0.2,55.0,52.0,100.0,0.15,1.0,False,0.0,True,1.5,1.5,24,"{""atr_ratio_max"":2.1,""atr_ratio_min"":0.65,""bb_width_percentile_max"":0.15,""breakout_range_atr"":1.0,""cci_level"":100.0,""context"":""BEAR_BREAKOUT"",""direction"":""SHORT"",""ema_touch_atr"":0.2,""max_hold_bars"":24,""range_adx_max"":14.0,""range_ema_separation_atr"":0.4,""require_confirmation_break"":true,""require_vwap"":false,""rsi_level"":55.0,""rsi_reclaim"":52.0,""setup"":""breakout"",""stop_atr"":1.5,""target_rr"":1.5,""trend_adx_min"":26.0,""trend_ema_separation_atr"":0.15,""vwap_distance_atr"":0.0}"
RANGE_REVERSION-C01,RANGE_REVERSION,reversion,BOTH,22.0,14.0,0.15,0.25,0.85,1.5,0.0,35.0,35.0,125.0,0.15,1.2,False,0.5,True,1.5,1.25,48,"{""atr_ratio_max"":1.5,""atr_ratio_min"":0.85,""bb_width_percentile_max"":0.15,""breakout_range_atr"":1.2,""cci_level"":125.0,""context"":""RANGE_REVERSION"",""direction"":""BOTH"",""ema_touch_atr"":0.0,""max_hold_bars"":48,""range_adx_max"":14.0,""range_ema_separation_atr"":0.25,""require_confirmation_break"":true,""require_vwap"":false,""rsi_level"":35.0,""rsi_reclaim"":35.0,""setup"":""reversion"",""stop_atr"":1.5,""target_rr"":1.25,""trend_adx_min"":22.0,""trend_ema_separation_atr"":0.15,""vwap_distance_atr"":0.5}"
RANGE_REVERSION-C02,RANGE_REVERSION,reversion,BOTH,26.0,14.0,0.15,0.4,0.45,1.5,0.2,35.0,35.0,100.0,0.35,0.8,False,0.25,False,1.25,2.0,24,"{""atr_ratio_max"":1.5,""atr_ratio_min"":0.45,""bb_width_percentile_max"":0.35,""breakout_range_atr"":0.8,""cci_level"":100.0,""context"":""RANGE_REVERSION"",""direction"":""BOTH"",""ema_touch_atr"":0.2,""max_hold_bars"":24,""range_adx_max"":14.0,""range_ema_separation_atr"":0.4,""require_confirmation_break"":false,""require_vwap"":false,""rsi_level"":35.0,""rsi_reclaim"":35.0,""setup"":""reversion"",""stop_atr"":1.25,""target_rr"":2.0,""trend_adx_min"":26.0,""trend_ema_separation_atr"":0.15,""vwap_distance_atr"":0.25}"
RANGE_REVERSION-C03,RANGE_REVERSION,reversion,BOTH,26.0,22.0,0.15,0.1,0.65,2.1,0.2,25.0,40.0,100.0,0.15,1.2,False,0.0,False,2.0,1.5,72,"{""atr_ratio_max"":2.1,""atr_ratio_min"":0.65,""bb_width_percentile_max"":0.15,""breakout_range_atr"":1.2,""cci_level"":100.0,""context"":""RANGE_REVERSION"",""direction"":""BOTH"",""ema_touch_atr"":0.2,""max_hold_bars"":72,""range_adx_max"":22.0,""range_ema_separation_atr"":0.1,""require_confirmation_break"":false,""require_vwap"":false,""rsi_level"":25.0,""rsi_reclaim"":40.0,""setup"":""reversion"",""stop_atr"":2.0,""target_rr"":1.5,""trend_adx_min"":26.0,""trend_ema_separation_atr"":0.15,""vwap_distance_atr"":0.0}"
RANGE_REVERSION-C04,RANGE_REVERSION,reversion,BOTH,22.0,18.0,0.3,0.25,0.45,1.8,0.4,35.0,40.0,100.0,0.25,1.0,False,0.0,True,1.25,1.5,72,"{""atr_ratio_max"":1.8,""atr_ratio_min"":0.45,""bb_width_percentile_max"":0.25,""breakout_range_atr"":1.0,""cci_level"":100.0,""context"":""RANGE_REVERSION"",""direction"":""BOTH"",""ema_touch_atr"":0.4,""max_hold_bars"":72,""range_adx_max"":18.0,""range_ema_separation_atr"":0.25,""require_confirmation_break"":true,""require_vwap"":false,""rsi_level"":35.0,""rsi_reclaim"":40.0,""setup"":""reversion"",""stop_atr"":1.25,""target_rr"":1.5,""trend_adx_min"":22.0,""trend_ema_separation_atr"":0.3,""vwap_distance_atr"":0.0}"
RANGE_REVERSION-C05,RANGE_REVERSION,reversion,BOTH,22.0,14.0,0.3,0.4,0.45,1.8,0.4,25.0,30.0,125.0,0.25,0.8,True,0.0,True,1.25,2.0,48,"{""atr_ratio_max"":1.8,""atr_ratio_min"":0.45,""bb_width_percentile_max"":0.25,""breakout_range_atr"":0.8,""cci_level"":125.0,""context"":""RANGE_REVERSION"",""direction"":""BOTH"",""ema_touch_atr"":0.4,""max_hold_bars"":48,""range_adx_max"":14.0,""range_ema_separation_atr"":0.4,""require_confirmation_break"":true,""require_vwap"":true,""rsi_level"":25.0,""rsi_reclaim"":30.0,""setup"":""reversion"",""stop_atr"":1.25,""target_rr"":2.0,""trend_adx_min"":22.0,""trend_ema_separation_atr"":0.3,""vwap_distance_atr"":0.0}"
RANGE_REVERSION-C06,RANGE_REVERSION,reversion,BOTH,22.0,18.0,0.15,0.25,0.45,2.1,0.0,30.0,30.0,100.0,0.35,0.8,True,0.25,True,1.25,1.5,72,"{""atr_ratio_max"":2.1,""atr_ratio_min"":0.45,""bb_width_percentile_max"":0.35,""breakout_range_atr"":0.8,""cci_level"":100.0,""context"":""RANGE_REVERSION"",""direction"":""BOTH"",""ema_touch_atr"":0.0,""max_hold_bars"":72,""range_adx_max"":18.0,""range_ema_separation_atr"":0.25,""require_confirmation_break"":true,""require_vwap"":true,""rsi_level"":30.0,""rsi_reclaim"":30.0,""setup"":""reversion"",""stop_atr"":1.25,""target_rr"":1.5,""trend_adx_min"":22.0,""trend_ema_separation_atr"":0.15,""vwap_distance_atr"":0.25}"
RANGE_REVERSION-C07,RANGE_REVERSION,reversion,BOTH,18.0,22.0,0.05,0.4,0.85,2.1,0.2,30.0,40.0,75.0,0.25,1.0,True,0.0,True,2.0,1.5,48,"{""atr_ratio_max"":2.1,""atr_ratio_min"":0.85,""bb_width_percentile_max"":0.25,""breakout_range_atr"":1.0,""cci_level"":75.0,""context"":""RANGE_REVERSION"",""direction"":""BOTH"",""ema_touch_atr"":0.2,""max_hold_bars"":48,""range_adx_max"":22.0,""range_ema_separation_atr"":0.4,""require_confirmation_break"":true,""require_vwap"":true,""rsi_level"":30.0,""rsi_reclaim"":40.0,""setup"":""reversion"",""stop_atr"":2.0,""target_rr"":1.5,""trend_adx_min"":18.0,""trend_ema_separation_atr"":0.05,""vwap_distance_atr"":0.0}"
RANGE_REVERSION-C08,RANGE_REVERSION,reversion,BOTH,26.0,18.0,0.3,0.1,0.85,1.8,0.2,35.0,30.0,125.0,0.15,0.8,True,0.5,True,1.5,1.25,24,"{""atr_ratio_max"":1.8,""atr_ratio_min"":0.85,""bb_width_percentile_max"":0.15,""breakout_range_atr"":0.8,""cci_level"":125.0,""context"":""RANGE_REVERSION"",""direction"":""BOTH"",""ema_touch_atr"":0.2,""max_hold_bars"":24,""range_adx_max"":18.0,""range_ema_separation_atr"":0.1,""require_confirmation_break"":true,""require_vwap"":true,""rsi_level"":35.0,""rsi_reclaim"":30.0,""setup"":""reversion"",""stop_atr"":1.5,""target_rr"":1.25,""trend_adx_min"":26.0,""trend_ema_separation_atr"":0.3,""vwap_distance_atr"":0.5}"
RANGE_REVERSION-C09,RANGE_REVERSION,reversion,BOTH,18.0,22.0,0.05,0.4,0.85,2.1,0.0,30.0,35.0,75.0,0.35,1.2,False,0.25,False,1.5,1.25,24,"{""atr_ratio_max"":2.1,""atr_ratio_min"":0.85,""bb_width_percentile_max"":0.35,""breakout_range_atr"":1.2,""cci_level"":75.0,""context"":""RANGE_REVERSION"",""direction"":""BOTH"",""ema_touch_atr"":0.0,""max_hold_bars"":24,""range_adx_max"":22.0,""range_ema_separation_atr"":0.4,""require_confirmation_break"":false,""require_vwap"":false,""rsi_level"":30.0,""rsi_reclaim"":35.0,""setup"":""reversion"",""stop_atr"":1.5,""target_rr"":1.25,""trend_adx_min"":18.0,""trend_ema_separation_atr"":0.05,""vwap_distance_atr"":0.25}"
RANGE_REVERSION-C10,RANGE_REVERSION,reversion,BOTH,26.0,18.0,0.05,0.25,0.65,1.8,0.4,25.0,30.0,75.0,0.25,1.0,True,0.5,False,1.5,2.0,24,"{""atr_ratio_max"":1.8,""atr_ratio_min"":0.65,""bb_width_percentile_max"":0.25,""breakout_range_atr"":1.0,""cci_level"":75.0,""context"":""RANGE_REVERSION"",""direction"":""BOTH"",""ema_touch_atr"":0.4,""max_hold_bars"":24,""range_adx_max"":18.0,""range_ema_separation_atr"":0.25,""require_confirmation_break"":false,""require_vwap"":true,""rsi_level"":25.0,""rsi_reclaim"":30.0,""setup"":""reversion"",""stop_atr"":1.5,""target_rr"":2.0,""trend_adx_min"":26.0,""trend_ema_separation_atr"":0.05,""vwap_distance_atr"":0.5}"
RANGE_REVERSION-C11,RANGE_REVERSION,reversion,BOTH,18.0,22.0,0.3,0.1,0.65,1.5,0.4,30.0,35.0,125.0,0.35,1.2,False,0.25,False,2.0,1.25,72,"{""atr_ratio_max"":1.5,""atr_ratio_min"":0.65,""bb_width_percentile_max"":0.35,""breakout_range_atr"":1.2,""cci_level"":125.0,""context"":""RANGE_REVERSION"",""direction"":""BOTH"",""ema_touch_atr"":0.4,""max_hold_bars"":72,""range_adx_max"":22.0,""range_ema_separation_atr"":0.1,""require_confirmation_break"":false,""require_vwap"":false,""rsi_level"":30.0,""rsi_reclaim"":35.0,""setup"":""reversion"",""stop_atr"":2.0,""target_rr"":1.25,""trend_adx_min"":18.0,""trend_ema_separation_atr"":0.3,""vwap_distance_atr"":0.25}"
RANGE_REVERSION-C12,RANGE_REVERSION,reversion,BOTH,18.0,14.0,0.05,0.1,0.65,1.5,0.0,25.0,40.0,75.0,0.15,1.0,True,0.5,False,2.0,2.0,48,"{""atr_ratio_max"":1.5,""atr_ratio_min"":0.65,""bb_width_percentile_max"":0.15,""breakout_range_atr"":1.0,""cci_level"":75.0,""context"":""RANGE_REVERSION"",""direction"":""BOTH"",""ema_touch_atr"":0.0,""max_hold_bars"":48,""range_adx_max"":14.0,""range_ema_separation_atr"":0.1,""require_confirmation_break"":false,""require_vwap"":true,""rsi_level"":25.0,""rsi_reclaim"":40.0,""setup"":""reversion"",""stop_atr"":2.0,""target_rr"":2.0,""trend_adx_min"":18.0,""trend_ema_separation_atr"":0.05,""vwap_distance_atr"":0.5}"
